date|commodity|variety-source|region|store|price
september_04_2021|Broccoli|Imported|cross roads|sampars|2416.67
september_04_2021|Broccoli|Imported|cross roads|hi-lo|2332
september_04_2021|Broccoli|Imported|waterloo road|mega mart|2140
september_04_2021|Broccoli|Imported|new kingston|John R Wong|1832
september_04_2021|Broccoli|Imported|halfway tree|Brooklyn|1924.98
september_04_2021|Broccoli|Imported|halfway tree|hi-lo|2000
september_04_2021|Broccoli|Imported|washington boulevard|shopper's fair|1953.8
september_04_2021|Broccoli|Imported|Duhaney Park|shopper's fair|1953.8
september_04_2021|Broccoli|Imported|barbican road|Loshusan|1875
september_04_2021|Broccoli|Imported|barbican road|hi-lo|2332
september_04_2021|Broccoli|Imported|constant spring|hi-lo|2332
september_04_2021|Broccoli|Imported|harbour view|shoppers fair|1677.5
september_04_2021|Broccoli|Imported|red hills road|lee's food|1555.55
september_04_2021|Broccoli|Imported|red hills road|price smart|-
september_04_2021|Broccoli|Imported|portmore|mega mart|2140
september_04_2021|Broccoli|Imported|portmore|hi-lo|2332
september_04_2021|Broccoli|Local|cross roads|sampars|-
september_04_2021|Broccoli|Local|cross roads|hi-lo|-
september_04_2021|Broccoli|Local|waterloo road|mega mart|-
september_04_2021|Broccoli|Local|new kingston|John R Wong|-
september_04_2021|Broccoli|Local|halfway tree|Brooklyn|-
september_04_2021|Broccoli|Local|halfway tree|hi-lo|-
september_04_2021|Broccoli|Local|washington boulevard|shopper's fair|-
september_04_2021|Broccoli|Local|Duhaney Park|shopper's fair|-
september_04_2021|Broccoli|Local|barbican road|Loshusan|-
september_04_2021|Broccoli|Local|barbican road|hi-lo|-
september_04_2021|Broccoli|Local|constant spring|hi-lo|-
september_04_2021|Broccoli|Local|harbour view|shoppers fair|-
september_04_2021|Broccoli|Local|red hills road|lee's food|-
september_04_2021|Broccoli|Local|red hills road|price smart|-
september_04_2021|Broccoli|Local|portmore|mega mart|-
september_04_2021|Broccoli|Local|portmore|hi-lo|-
september_04_2021|Cabbage (Green)|Local|cross roads|sampars|701.8
september_04_2021|Cabbage (Green)|Local|cross roads|hi-lo|677
september_04_2021|Cabbage (Green)|Local|waterloo road|mega mart|670
september_04_2021|Cabbage (Green)|Local|new kingston|John R Wong|330
september_04_2021|Cabbage (Green)|Local|halfway tree|Brooklyn|387.2
september_04_2021|Cabbage (Green)|Local|halfway tree|hi-lo|667
september_04_2021|Cabbage (Green)|Local|washington boulevard|shopper's fair|363
september_04_2021|Cabbage (Green)|Local|Duhaney Park|shopper's fair|-
september_04_2021|Cabbage (Green)|Local|barbican road|Loshusan|660
september_04_2021|Cabbage (Green)|Local|barbican road|hi-lo|677
september_04_2021|Cabbage (Green)|Local|constant spring|hi-lo|677
september_04_2021|Cabbage (Green)|Local|harbour view|shoppers fair|363
september_04_2021|Cabbage (Green)|Local|red hills road|lee's food|528
september_04_2021|Cabbage (Green)|Local|red hills road|price smart|379
september_04_2021|Cabbage (Green)|Local|portmore|mega mart|915
september_04_2021|Cabbage (Green)|Local|portmore|hi-lo|677
september_04_2021|Cabbage (Red)|Imported|cross roads|sampars|924
september_04_2021|Cabbage (Red)|Imported|cross roads|hi-lo|996
september_04_2021|Cabbage (Red)|Imported|waterloo road|mega mart|-
september_04_2021|Cabbage (Red)|Imported|new kingston|John R Wong|693.15
september_04_2021|Cabbage (Red)|Imported|halfway tree|Brooklyn|943.39
september_04_2021|Cabbage (Red)|Imported|halfway tree|hi-lo|996
september_04_2021|Cabbage (Red)|Imported|washington boulevard|shopper's fair|928.2
september_04_2021|Cabbage (Red)|Imported|Duhaney Park|shopper's fair|-
september_04_2021|Cabbage (Red)|Imported|barbican road|Loshusan|689
september_04_2021|Cabbage (Red)|Imported|barbican road|hi-lo|998
september_04_2021|Cabbage (Red)|Imported|constant spring|hi-lo|-
september_04_2021|Cabbage (Red)|Imported|harbour view|shoppers fair|622.6
september_04_2021|Cabbage (Red)|Imported|red hills road|lee's food|785.38
september_04_2021|Cabbage (Red)|Imported|red hills road|price smart|-
september_04_2021|Cabbage (Red)|Imported|portmore|mega mart|1220
september_04_2021|Cabbage (Red)|Imported|portmore|hi-lo|1245
september_04_2021|Cabbage (Red)|Local|cross roads|sampars|-
september_04_2021|Cabbage (Red)|Local|cross roads|hi-lo|-
september_04_2021|Cabbage (Red)|Local|waterloo road|mega mart|-
september_04_2021|Cabbage (Red)|Local|new kingston|John R Wong|-
september_04_2021|Cabbage (Red)|Local|halfway tree|Brooklyn|-
september_04_2021|Cabbage (Red)|Local|halfway tree|hi-lo|-
september_04_2021|Cabbage (Red)|Local|washington boulevard|shopper's fair|-
september_04_2021|Cabbage (Red)|Local|Duhaney Park|shopper's fair|-
september_04_2021|Cabbage (Red)|Local|barbican road|Loshusan|-
september_04_2021|Cabbage (Red)|Local|barbican road|hi-lo|-
september_04_2021|Cabbage (Red)|Local|constant spring|hi-lo|-
september_04_2021|Cabbage (Red)|Local|harbour view|shoppers fair|-
september_04_2021|Cabbage (Red)|Local|red hills road|lee's food|-
september_04_2021|Cabbage (Red)|Local|red hills road|price smart|-
september_04_2021|Cabbage (Red)|Local|portmore|mega mart|-
september_04_2021|Cabbage (Red)|Local|portmore|hi-lo|-
september_04_2021|Callaloo|Shredded|cross roads|sampars|-
september_04_2021|Callaloo|Shredded|cross roads|hi-lo|402.6
september_04_2021|Callaloo|Shredded|waterloo road|mega mart|616
september_04_2021|Callaloo|Shredded|new kingston|John R Wong|462
september_04_2021|Callaloo|Shredded|halfway tree|Brooklyn|431.2
september_04_2021|Callaloo|Shredded|halfway tree|hi-lo|442.2
september_04_2021|Callaloo|Shredded|washington boulevard|shopper's fair|462
september_04_2021|Callaloo|Shredded|Duhaney Park|shopper's fair|-
september_04_2021|Callaloo|Shredded|barbican road|Loshusan|-
september_04_2021|Callaloo|Shredded|barbican road|hi-lo|402.6
september_04_2021|Callaloo|Shredded|constant spring|hi-lo|442.2
september_04_2021|Callaloo|Shredded|harbour view|shoppers fair|-
september_04_2021|Callaloo|Shredded|red hills road|lee's food|400.4
september_04_2021|Callaloo|Shredded|red hills road|price smart|379
september_04_2021|Callaloo|Shredded|portmore|mega mart|-
september_04_2021|Callaloo|Shredded|portmore|hi-lo|402.6
september_04_2021|Callaloo|Whole|cross roads|sampars|-
september_04_2021|Callaloo|Whole|cross roads|hi-lo|-
september_04_2021|Callaloo|Whole|waterloo road|mega mart|380
september_04_2021|Callaloo|Whole|new kingston|John R Wong|-
september_04_2021|Callaloo|Whole|halfway tree|Brooklyn|-
september_04_2021|Callaloo|Whole|halfway tree|hi-lo|303
september_04_2021|Callaloo|Whole|washington boulevard|shopper's fair|231
september_04_2021|Callaloo|Whole|Duhaney Park|shopper's fair|-
september_04_2021|Callaloo|Whole|barbican road|Loshusan|330
september_04_2021|Callaloo|Whole|barbican road|hi-lo|303
september_04_2021|Callaloo|Whole|constant spring|hi-lo|229
september_04_2021|Callaloo|Whole|harbour view|shoppers fair|231
september_04_2021|Callaloo|Whole|red hills road|lee's food|-
september_04_2021|Callaloo|Whole|red hills road|price smart|-
september_04_2021|Callaloo|Whole|portmore|mega mart|380
september_04_2021|Callaloo|Whole|portmore|hi-lo|303
september_04_2021|Cantaloupe|Imported|cross roads|sampars|-
september_04_2021|Cantaloupe|Imported|cross roads|hi-lo|-
september_04_2021|Cantaloupe|Imported|waterloo road|mega mart|1155
september_04_2021|Cantaloupe|Imported|new kingston|John R Wong|-
september_04_2021|Cantaloupe|Imported|halfway tree|Brooklyn|-
september_04_2021|Cantaloupe|Imported|halfway tree|hi-lo|-
september_04_2021|Cantaloupe|Imported|washington boulevard|shopper's fair|-
september_04_2021|Cantaloupe|Imported|Duhaney Park|shopper's fair|-
september_04_2021|Cantaloupe|Imported|barbican road|Loshusan|-
september_04_2021|Cantaloupe|Imported|barbican road|hi-lo|791
september_04_2021|Cantaloupe|Imported|constant spring|hi-lo|791
september_04_2021|Cantaloupe|Imported|harbour view|shoppers fair|-
september_04_2021|Cantaloupe|Imported|red hills road|lee's food|660
september_04_2021|Cantaloupe|Imported|red hills road|price smart|-
september_04_2021|Cantaloupe|Imported|portmore|mega mart|-
september_04_2021|Cantaloupe|Imported|portmore|hi-lo|-
september_04_2021|Cantaloupe|Local|cross roads|sampars|-
september_04_2021|Cantaloupe|Local|cross roads|hi-lo|-
september_04_2021|Cantaloupe|Local|waterloo road|mega mart|-
september_04_2021|Cantaloupe|Local|new kingston|John R Wong|660
september_04_2021|Cantaloupe|Local|halfway tree|Brooklyn|852.45
september_04_2021|Cantaloupe|Local|halfway tree|hi-lo|517
september_04_2021|Cantaloupe|Local|washington boulevard|shopper's fair|495
september_04_2021|Cantaloupe|Local|Duhaney Park|shopper's fair|-
september_04_2021|Cantaloupe|Local|barbican road|Loshusan|-
september_04_2021|Cantaloupe|Local|barbican road|hi-lo|-
september_04_2021|Cantaloupe|Local|constant spring|hi-lo|-
september_04_2021|Cantaloupe|Local|harbour view|shoppers fair|-
september_04_2021|Cantaloupe|Local|red hills road|lee's food|-
september_04_2021|Cantaloupe|Local|red hills road|price smart|439
september_04_2021|Cantaloupe|Local|portmore|mega mart|-
september_04_2021|Cantaloupe|Local|portmore|hi-lo|-
september_04_2021|Carrot|Local|cross roads|sampars|797.5
september_04_2021|Carrot|Local|cross roads|hi-lo|838
september_04_2021|Carrot|Local|waterloo road|mega mart|722
september_04_2021|Carrot|Local|new kingston|John R Wong|660
september_04_2021|Carrot|Local|halfway tree|Brooklyn|579.67
september_04_2021|Carrot|Local|halfway tree|hi-lo|838
september_04_2021|Carrot|Local|washington boulevard|shopper's fair|594
september_04_2021|Carrot|Local|Duhaney Park|shopper's fair|660
september_04_2021|Carrot|Local|barbican road|Loshusan|990
september_04_2021|Carrot|Local|barbican road|hi-lo|838
september_04_2021|Carrot|Local|constant spring|hi-lo|862
september_04_2021|Carrot|Local|harbour view|shoppers fair|594
september_04_2021|Carrot|Local|red hills road|lee's food|709.88
september_04_2021|Carrot|Local|red hills road|price smart|695.58
september_04_2021|Carrot|Local|portmore|mega mart|722
september_04_2021|Carrot|Local|portmore|hi-lo|838
september_04_2021|Cauliflower|Imported|cross roads|sampars|-
september_04_2021|Cauliflower|Imported|cross roads|hi-lo|1909
september_04_2021|Cauliflower|Imported|waterloo road|mega mart|2130
september_04_2021|Cauliflower|Imported|new kingston|John R Wong|-
september_04_2021|Cauliflower|Imported|halfway tree|Brooklyn|-
september_04_2021|Cauliflower|Imported|halfway tree|hi-lo|1909
september_04_2021|Cauliflower|Imported|washington boulevard|shopper's fair|-
september_04_2021|Cauliflower|Imported|Duhaney Park|shopper's fair|-
september_04_2021|Cauliflower|Imported|barbican road|Loshusan|-
september_04_2021|Cauliflower|Imported|barbican road|hi-lo|1909
september_04_2021|Cauliflower|Imported|constant spring|hi-lo|-
september_04_2021|Cauliflower|Imported|harbour view|shoppers fair|-
september_04_2021|Cauliflower|Imported|red hills road|lee's food|1150
september_04_2021|Cauliflower|Imported|red hills road|price smart|-
september_04_2021|Cauliflower|Imported|portmore|mega mart|2130
september_04_2021|Cauliflower|Imported|portmore|hi-lo|-
september_04_2021|Cauliflower|Local|cross roads|sampars|1595
september_04_2021|Cauliflower|Local|cross roads|hi-lo|-
september_04_2021|Cauliflower|Local|waterloo road|mega mart|1335
september_04_2021|Cauliflower|Local|new kingston|John R Wong|1319
september_04_2021|Cauliflower|Local|halfway tree|Brooklyn|1584
september_04_2021|Cauliflower|Local|halfway tree|hi-lo|-
september_04_2021|Cauliflower|Local|washington boulevard|shopper's fair|1485
september_04_2021|Cauliflower|Local|Duhaney Park|shopper's fair|1484.9
september_04_2021|Cauliflower|Local|barbican road|Loshusan|1485
september_04_2021|Cauliflower|Local|barbican road|hi-lo|1369
september_04_2021|Cauliflower|Local|constant spring|hi-lo|1368
september_04_2021|Cauliflower|Local|harbour view|shoppers fair|1435
september_04_2021|Cauliflower|Local|red hills road|lee's food|-
september_04_2021|Cauliflower|Local|red hills road|price smart|829
september_04_2021|Cauliflower|Local|portmore|mega mart|-
september_04_2021|Cauliflower|Local|portmore|hi-lo|-
september_04_2021|Coco|Local|cross roads|sampars|-
september_04_2021|Coco|Local|cross roads|hi-lo|-
september_04_2021|Coco|Local|waterloo road|mega mart|570
september_04_2021|Coco|Local|new kingston|John R Wong|660
september_04_2021|Coco|Local|halfway tree|Brooklyn|579.7
september_04_2021|Coco|Local|halfway tree|hi-lo|-
september_04_2021|Coco|Local|washington boulevard|shopper's fair|561
september_04_2021|Coco|Local|Duhaney Park|shopper's fair|-
september_04_2021|Coco|Local|barbican road|Loshusan|-
september_04_2021|Coco|Local|barbican road|hi-lo|547
september_04_2021|Coco|Local|constant spring|hi-lo|547
september_04_2021|Coco|Local|harbour view|shoppers fair|593.97
september_04_2021|Coco|Local|red hills road|lee's food|462
september_04_2021|Coco|Local|red hills road|price smart|-
september_04_2021|Coco|Local|portmore|mega mart|-
september_04_2021|Coco|Local|portmore|hi-lo|-
september_04_2021|Cucumber|Local|cross roads|sampars|319
september_04_2021|Cucumber|Local|cross roads|hi-lo|377
september_04_2021|Cucumber|Local|waterloo road|mega mart|465
september_04_2021|Cucumber|Local|new kingston|John R Wong|363
september_04_2021|Cucumber|Local|halfway tree|Brooklyn|238.69
september_04_2021|Cucumber|Local|halfway tree|hi-lo|377
september_04_2021|Cucumber|Local|washington boulevard|shopper's fair|231
september_04_2021|Cucumber|Local|Duhaney Park|shopper's fair|428.9
september_04_2021|Cucumber|Local|barbican road|Loshusan|363
september_04_2021|Cucumber|Local|barbican road|hi-lo|377
september_04_2021|Cucumber|Local|constant spring|hi-lo|147
september_04_2021|Cucumber|Local|harbour view|shoppers fair|-
september_04_2021|Cucumber|Local|red hills road|lee's food|308
september_04_2021|Cucumber|Local|red hills road|price smart|349
september_04_2021|Cucumber|Local|portmore|mega mart|465
september_04_2021|Cucumber|Local|portmore|hi-lo|377
september_04_2021|Dasheen|Local|cross roads|sampars|669
september_04_2021|Dasheen|Local|cross roads|hi-lo|682.76
september_04_2021|Dasheen|Local|waterloo road|mega mart|675
september_04_2021|Dasheen|Local|new kingston|John R Wong|660
september_04_2021|Dasheen|Local|halfway tree|Brooklyn|545.6
september_04_2021|Dasheen|Local|halfway tree|hi-lo|472
september_04_2021|Dasheen|Local|washington boulevard|shopper's fair|495
september_04_2021|Dasheen|Local|Duhaney Park|shopper's fair|-
september_04_2021|Dasheen|Local|barbican road|Loshusan|-
september_04_2021|Dasheen|Local|barbican road|hi-lo|682.76
september_04_2021|Dasheen|Local|constant spring|hi-lo|682.76
september_04_2021|Dasheen|Local|harbour view|shoppers fair|-
september_04_2021|Dasheen|Local|red hills road|lee's food|554.4
september_04_2021|Dasheen|Local|red hills road|price smart|-
september_04_2021|Dasheen|Local|portmore|mega mart|-
september_04_2021|Dasheen|Local|portmore|hi-lo|-
september_04_2021|Escallion|Local|cross roads|sampars|660
september_04_2021|Escallion|Local|cross roads|hi-lo|626
september_04_2021|Escallion|Local|waterloo road|mega mart|565
september_04_2021|Escallion|Local|new kingston|John R Wong|444
september_04_2021|Escallion|Local|halfway tree|Brooklyn|511.47
september_04_2021|Escallion|Local|halfway tree|hi-lo|625
september_04_2021|Escallion|Local|washington boulevard|shopper's fair|495
september_04_2021|Escallion|Local|Duhaney Park|shopper's fair|495
september_04_2021|Escallion|Local|barbican road|Loshusan|444
september_04_2021|Escallion|Local|barbican road|hi-lo|626
september_04_2021|Escallion|Local|constant spring|hi-lo|1000
september_04_2021|Escallion|Local|harbour view|shoppers fair|-
september_04_2021|Escallion|Local|red hills road|lee's food|594
september_04_2021|Escallion|Local|red hills road|price smart|779
september_04_2021|Escallion|Local|portmore|mega mart|565
september_04_2021|Escallion|Local|portmore|hi-lo|626
september_04_2021|Ginger|Imported|cross roads|sampars|-
september_04_2021|Ginger|Imported|cross roads|hi-lo|-
september_04_2021|Ginger|Imported|waterloo road|mega mart|-
september_04_2021|Ginger|Imported|new kingston|John R Wong|-
september_04_2021|Ginger|Imported|halfway tree|Brooklyn|-
september_04_2021|Ginger|Imported|halfway tree|hi-lo|-
september_04_2021|Ginger|Imported|washington boulevard|shopper's fair|-
september_04_2021|Ginger|Imported|Duhaney Park|shopper's fair|-
september_04_2021|Ginger|Imported|barbican road|Loshusan|-
september_04_2021|Ginger|Imported|barbican road|hi-lo|-
september_04_2021|Ginger|Imported|constant spring|hi-lo|-
september_04_2021|Ginger|Imported|harbour view|shoppers fair|-
september_04_2021|Ginger|Imported|red hills road|lee's food|-
september_04_2021|Ginger|Imported|red hills road|price smart|-
september_04_2021|Ginger|Imported|portmore|mega mart|-
september_04_2021|Ginger|Imported|portmore|hi-lo|-
september_04_2021|Ginger|Local|cross roads|sampars|1276
september_04_2021|Ginger|Local|cross roads|hi-lo|1328
september_04_2021|Ginger|Local|waterloo road|mega mart|895
september_04_2021|Ginger|Local|new kingston|John R Wong|1154.95
september_04_2021|Ginger|Local|halfway tree|Brooklyn|681.96
september_04_2021|Ginger|Local|halfway tree|hi-lo|1138
september_04_2021|Ginger|Local|washington boulevard|shopper's fair|726
september_04_2021|Ginger|Local|Duhaney Park|shopper's fair|726
september_04_2021|Ginger|Local|barbican road|Loshusan|660
september_04_2021|Ginger|Local|barbican road|hi-lo|1138
september_04_2021|Ginger|Local|constant spring|hi-lo|1138
september_04_2021|Ginger|Local|harbour view|shoppers fair|1154
september_04_2021|Ginger|Local|red hills road|lee's food|895
september_04_2021|Ginger|Local|red hills road|price smart|-
september_04_2021|Ginger|Local|portmore|mega mart|895
september_04_2021|Ginger|Local|portmore|hi-lo|1138
september_04_2021|Green Banana|Local|cross roads|sampars|145
september_04_2021|Green Banana|Local|cross roads|hi-lo|147
september_04_2021|Green Banana|Local|waterloo road|mega mart|145
september_04_2021|Green Banana|Local|new kingston|John R Wong|137.5
september_04_2021|Green Banana|Local|halfway tree|Brooklyn|204.6
september_04_2021|Green Banana|Local|halfway tree|hi-lo|147
september_04_2021|Green Banana|Local|washington boulevard|shopper's fair|172.5
september_04_2021|Green Banana|Local|Duhaney Park|shopper's fair|137.49
september_04_2021|Green Banana|Local|barbican road|Loshusan|145.5
september_04_2021|Green Banana|Local|barbican road|hi-lo|147
september_04_2021|Green Banana|Local|constant spring|hi-lo|147
september_04_2021|Green Banana|Local|harbour view|shoppers fair|179.99
september_04_2021|Green Banana|Local|red hills road|lee's food|138.88
september_04_2021|Green Banana|Local|red hills road|price smart|114.5
september_04_2021|Green Banana|Local|portmore|mega mart|145
september_04_2021|Green Banana|Local|portmore|hi-lo|147
september_04_2021|Gungo Peas|Dry|cross roads|sampars|870
september_04_2021|Gungo Peas|Dry|cross roads|hi-lo|838
september_04_2021|Gungo Peas|Dry|waterloo road|mega mart|675
september_04_2021|Gungo Peas|Dry|new kingston|John R Wong|-
september_04_2021|Gungo Peas|Dry|halfway tree|Brooklyn|692
september_04_2021|Gungo Peas|Dry|halfway tree|hi-lo|835
september_04_2021|Gungo Peas|Dry|washington boulevard|shopper's fair|660
september_04_2021|Gungo Peas|Dry|Duhaney Park|shopper's fair|824.9
september_04_2021|Gungo Peas|Dry|barbican road|Loshusan|960
september_04_2021|Gungo Peas|Dry|barbican road|hi-lo|838
september_04_2021|Gungo Peas|Dry|constant spring|hi-lo|838
september_04_2021|Gungo Peas|Dry|harbour view|shoppers fair|660
september_04_2021|Gungo Peas|Dry|red hills road|lee's food|-
september_04_2021|Gungo Peas|Dry|red hills road|price smart|-
september_04_2021|Gungo Peas|Dry|portmore|mega mart|1140
september_04_2021|Gungo Peas|Dry|portmore|hi-lo|838
september_04_2021|Gungo Peas|Green|cross roads|sampars|-
september_04_2021|Gungo Peas|Green|cross roads|hi-lo|-
september_04_2021|Gungo Peas|Green|waterloo road|mega mart|-
september_04_2021|Gungo Peas|Green|new kingston|John R Wong|-
september_04_2021|Gungo Peas|Green|halfway tree|Brooklyn|-
september_04_2021|Gungo Peas|Green|halfway tree|hi-lo|-
september_04_2021|Gungo Peas|Green|washington boulevard|shopper's fair|-
september_04_2021|Gungo Peas|Green|Duhaney Park|shopper's fair|-
september_04_2021|Gungo Peas|Green|barbican road|Loshusan|-
september_04_2021|Gungo Peas|Green|barbican road|hi-lo|1317
september_04_2021|Gungo Peas|Green|constant spring|hi-lo|-
september_04_2021|Gungo Peas|Green|harbour view|shoppers fair|-
september_04_2021|Gungo Peas|Green|red hills road|lee's food|-
september_04_2021|Gungo Peas|Green|red hills road|price smart|-
september_04_2021|Gungo Peas|Green|portmore|mega mart|-
september_04_2021|Gungo Peas|Green|portmore|hi-lo|-
september_04_2021|Honeydew Melon|Local|cross roads|sampars|638
september_04_2021|Honeydew Melon|Local|cross roads|hi-lo|-
september_04_2021|Honeydew Melon|Local|waterloo road|mega mart|-
september_04_2021|Honeydew Melon|Local|new kingston|John R Wong|-
september_04_2021|Honeydew Melon|Local|halfway tree|Brooklyn|-
september_04_2021|Honeydew Melon|Local|halfway tree|hi-lo|-
september_04_2021|Honeydew Melon|Local|washington boulevard|shopper's fair|363
september_04_2021|Honeydew Melon|Local|Duhaney Park|shopper's fair|-
september_04_2021|Honeydew Melon|Local|barbican road|Loshusan|-
september_04_2021|Honeydew Melon|Local|barbican road|hi-lo|569
september_04_2021|Honeydew Melon|Local|constant spring|hi-lo|-
september_04_2021|Honeydew Melon|Local|harbour view|shoppers fair|-
september_04_2021|Honeydew Melon|Local|red hills road|lee's food|495
september_04_2021|Honeydew Melon|Local|red hills road|price smart|-
september_04_2021|Honeydew Melon|Local|portmore|mega mart|-
september_04_2021|Honeydew Melon|Local|portmore|hi-lo|-
september_04_2021|Irish Potato|Imported|cross roads|sampars|701.8
september_04_2021|Irish Potato|Imported|cross roads|hi-lo|647
september_04_2021|Irish Potato|Imported|waterloo road|mega mart|405
september_04_2021|Irish Potato|Imported|new kingston|John R Wong|-
september_04_2021|Irish Potato|Imported|halfway tree|Brooklyn|511.47
september_04_2021|Irish Potato|Imported|halfway tree|hi-lo|-
september_04_2021|Irish Potato|Imported|washington boulevard|shopper's fair|495
september_04_2021|Irish Potato|Imported|Duhaney Park|shopper's fair|-
september_04_2021|Irish Potato|Imported|barbican road|Loshusan|-
september_04_2021|Irish Potato|Imported|barbican road|hi-lo|-
september_04_2021|Irish Potato|Imported|constant spring|hi-lo|-
september_04_2021|Irish Potato|Imported|harbour view|shoppers fair|-
september_04_2021|Irish Potato|Imported|red hills road|lee's food|-
september_04_2021|Irish Potato|Imported|red hills road|price smart|251.65
september_04_2021|Irish Potato|Imported|portmore|mega mart|495
september_04_2021|Irish Potato|Imported|portmore|hi-lo|678
september_04_2021|Irish Potato|Local|cross roads|sampars|-
september_04_2021|Irish Potato|Local|cross roads|hi-lo|-
september_04_2021|Irish Potato|Local|waterloo road|mega mart|-
september_04_2021|Irish Potato|Local|new kingston|John R Wong|-
september_04_2021|Irish Potato|Local|halfway tree|Brooklyn|-
september_04_2021|Irish Potato|Local|halfway tree|hi-lo|862
september_04_2021|Irish Potato|Local|washington boulevard|shopper's fair|429
september_04_2021|Irish Potato|Local|Duhaney Park|shopper's fair|494.98
september_04_2021|Irish Potato|Local|barbican road|Loshusan|825
september_04_2021|Irish Potato|Local|barbican road|hi-lo|1129
september_04_2021|Irish Potato|Local|constant spring|hi-lo|1229
september_04_2021|Irish Potato|Local|harbour view|shoppers fair|-
september_04_2021|Irish Potato|Local|red hills road|lee's food|677
september_04_2021|Irish Potato|Local|red hills road|price smart|-
september_04_2021|Irish Potato|Local|portmore|mega mart|-
september_04_2021|Irish Potato|Local|portmore|hi-lo|-
september_04_2021|Lettuce|Iceberg (Imported)|cross roads|sampars|-
september_04_2021|Lettuce|Iceberg (Imported)|cross roads|hi-lo|-
september_04_2021|Lettuce|Iceberg (Imported)|waterloo road|mega mart|-
september_04_2021|Lettuce|Iceberg (Imported)|new kingston|John R Wong|-
september_04_2021|Lettuce|Iceberg (Imported)|halfway tree|Brooklyn|-
september_04_2021|Lettuce|Iceberg (Imported)|halfway tree|hi-lo|-
september_04_2021|Lettuce|Iceberg (Imported)|washington boulevard|shopper's fair|-
september_04_2021|Lettuce|Iceberg (Imported)|Duhaney Park|shopper's fair|-
september_04_2021|Lettuce|Iceberg (Imported)|barbican road|Loshusan|-
september_04_2021|Lettuce|Iceberg (Imported)|barbican road|hi-lo|-
september_04_2021|Lettuce|Iceberg (Imported)|constant spring|hi-lo|-
september_04_2021|Lettuce|Iceberg (Imported)|harbour view|shoppers fair|-
september_04_2021|Lettuce|Iceberg (Imported)|red hills road|lee's food|-
september_04_2021|Lettuce|Iceberg (Imported)|red hills road|price smart|-
september_04_2021|Lettuce|Iceberg (Imported)|portmore|mega mart|1840
september_04_2021|Lettuce|Iceberg (Imported)|portmore|hi-lo|-
september_04_2021|Lettuce|Iceberg (Local)|cross roads|sampars|704
september_04_2021|Lettuce|Iceberg (Local)|cross roads|hi-lo|650
september_04_2021|Lettuce|Iceberg (Local)|waterloo road|mega mart|-
september_04_2021|Lettuce|Iceberg (Local)|new kingston|John R Wong|660
september_04_2021|Lettuce|Iceberg (Local)|halfway tree|Brooklyn|457.6
september_04_2021|Lettuce|Iceberg (Local)|halfway tree|hi-lo|650
september_04_2021|Lettuce|Iceberg (Local)|washington boulevard|shopper's fair|363
september_04_2021|Lettuce|Iceberg (Local)|Duhaney Park|shopper's fair|363
september_04_2021|Lettuce|Iceberg (Local)|barbican road|Loshusan|660
september_04_2021|Lettuce|Iceberg (Local)|barbican road|hi-lo|650
september_04_2021|Lettuce|Iceberg (Local)|constant spring|hi-lo|759
september_04_2021|Lettuce|Iceberg (Local)|harbour view|shoppers fair|363
september_04_2021|Lettuce|Iceberg (Local)|red hills road|lee's food|637.12
september_04_2021|Lettuce|Iceberg (Local)|red hills road|price smart|1212.85
september_04_2021|Lettuce|Iceberg (Local)|portmore|mega mart|795
september_04_2021|Lettuce|Iceberg (Local)|portmore|hi-lo|650
september_04_2021|Lettuce|Other|cross roads|sampars|-
september_04_2021|Lettuce|Other|cross roads|hi-lo|-
september_04_2021|Lettuce|Other|waterloo road|mega mart|-
september_04_2021|Lettuce|Other|new kingston|John R Wong|-
september_04_2021|Lettuce|Other|halfway tree|Brooklyn|-
september_04_2021|Lettuce|Other|halfway tree|hi-lo|-
september_04_2021|Lettuce|Other|washington boulevard|shopper's fair|-
september_04_2021|Lettuce|Other|Duhaney Park|shopper's fair|-
september_04_2021|Lettuce|Other|barbican road|Loshusan|-
september_04_2021|Lettuce|Other|barbican road|hi-lo|-
september_04_2021|Lettuce|Other|constant spring|hi-lo|-
september_04_2021|Lettuce|Other|harbour view|shoppers fair|-
september_04_2021|Lettuce|Other|red hills road|lee's food|-
september_04_2021|Lettuce|Other|red hills road|price smart|-
september_04_2021|Lettuce|Other|portmore|mega mart|-
september_04_2021|Lettuce|Other|portmore|hi-lo|-
september_04_2021|Lettuce|Romaine (Imported)|cross roads|sampars|-
september_04_2021|Lettuce|Romaine (Imported)|cross roads|hi-lo|-
september_04_2021|Lettuce|Romaine (Imported)|waterloo road|mega mart|-
september_04_2021|Lettuce|Romaine (Imported)|new kingston|John R Wong|-
september_04_2021|Lettuce|Romaine (Imported)|halfway tree|Brooklyn|-
september_04_2021|Lettuce|Romaine (Imported)|halfway tree|hi-lo|-
september_04_2021|Lettuce|Romaine (Imported)|washington boulevard|shopper's fair|-
september_04_2021|Lettuce|Romaine (Imported)|Duhaney Park|shopper's fair|-
september_04_2021|Lettuce|Romaine (Imported)|barbican road|Loshusan|-
september_04_2021|Lettuce|Romaine (Imported)|barbican road|hi-lo|-
september_04_2021|Lettuce|Romaine (Imported)|constant spring|hi-lo|-
september_04_2021|Lettuce|Romaine (Imported)|harbour view|shoppers fair|-
september_04_2021|Lettuce|Romaine (Imported)|red hills road|lee's food|-
september_04_2021|Lettuce|Romaine (Imported)|red hills road|price smart|-
september_04_2021|Lettuce|Romaine (Imported)|portmore|mega mart|-
september_04_2021|Lettuce|Romaine (Imported)|portmore|hi-lo|-
september_04_2021|Lettuce|Romaine (Local)|cross roads|sampars|-
september_04_2021|Lettuce|Romaine (Local)|cross roads|hi-lo|-
september_04_2021|Lettuce|Romaine (Local)|waterloo road|mega mart|995
september_04_2021|Lettuce|Romaine (Local)|new kingston|John R Wong|1154
september_04_2021|Lettuce|Romaine (Local)|halfway tree|Brooklyn|-
september_04_2021|Lettuce|Romaine (Local)|halfway tree|hi-lo|-
september_04_2021|Lettuce|Romaine (Local)|washington boulevard|shopper's fair|495
september_04_2021|Lettuce|Romaine (Local)|Duhaney Park|shopper's fair|-
september_04_2021|Lettuce|Romaine (Local)|barbican road|Loshusan|1485
september_04_2021|Lettuce|Romaine (Local)|barbican road|hi-lo|941
september_04_2021|Lettuce|Romaine (Local)|constant spring|hi-lo|1897
september_04_2021|Lettuce|Romaine (Local)|harbour view|shoppers fair|-
september_04_2021|Lettuce|Romaine (Local)|red hills road|lee's food|726
september_04_2021|Lettuce|Romaine (Local)|red hills road|price smart|579
september_04_2021|Lettuce|Romaine (Local)|portmore|mega mart|-
september_04_2021|Lettuce|Romaine (Local)|portmore|hi-lo|1897
september_04_2021|Okra|Local|cross roads|sampars|-
september_04_2021|Okra|Local|cross roads|hi-lo|451
september_04_2021|Okra|Local|waterloo road|mega mart|1005
september_04_2021|Okra|Local|new kingston|John R Wong|534
september_04_2021|Okra|Local|halfway tree|Brooklyn|1022.94
september_04_2021|Okra|Local|halfway tree|hi-lo|451
september_04_2021|Okra|Local|washington boulevard|shopper's fair|561
september_04_2021|Okra|Local|Duhaney Park|shopper's fair|990
september_04_2021|Okra|Local|barbican road|Loshusan|660
september_04_2021|Okra|Local|barbican road|hi-lo|451
september_04_2021|Okra|Local|constant spring|hi-lo|752
september_04_2021|Okra|Local|harbour view|shoppers fair|660
september_04_2021|Okra|Local|red hills road|lee's food|-
september_04_2021|Okra|Local|red hills road|price smart|-
september_04_2021|Okra|Local|portmore|mega mart|-
september_04_2021|Okra|Local|portmore|hi-lo|451
september_04_2021|Onion|Imported|cross roads|sampars|684.12
september_04_2021|Onion|Imported|cross roads|hi-lo|855
september_04_2021|Onion|Imported|waterloo road|mega mart|640
september_04_2021|Onion|Imported|new kingston|John R Wong|418
september_04_2021|Onion|Imported|halfway tree|Brooklyn|443.27
september_04_2021|Onion|Imported|halfway tree|hi-lo|855
september_04_2021|Onion|Imported|washington boulevard|shopper's fair|380.76
september_04_2021|Onion|Imported|Duhaney Park|shopper's fair|461.98
september_04_2021|Onion|Imported|barbican road|Loshusan|503
september_04_2021|Onion|Imported|barbican road|hi-lo|855
september_04_2021|Onion|Imported|constant spring|hi-lo|855
september_04_2021|Onion|Imported|harbour view|shoppers fair|378.64
september_04_2021|Onion|Imported|red hills road|lee's food|413.58
september_04_2021|Onion|Imported|red hills road|price smart|477.2
september_04_2021|Onion|Imported|portmore|mega mart|640
september_04_2021|Onion|Imported|portmore|hi-lo|855
september_04_2021|Onion|Local|cross roads|sampars|-
september_04_2021|Onion|Local|cross roads|hi-lo|-
september_04_2021|Onion|Local|waterloo road|mega mart|-
september_04_2021|Onion|Local|new kingston|John R Wong|-
september_04_2021|Onion|Local|halfway tree|Brooklyn|-
september_04_2021|Onion|Local|halfway tree|hi-lo|-
september_04_2021|Onion|Local|washington boulevard|shopper's fair|-
september_04_2021|Onion|Local|Duhaney Park|shopper's fair|-
september_04_2021|Onion|Local|barbican road|Loshusan|-
september_04_2021|Onion|Local|barbican road|hi-lo|-
september_04_2021|Onion|Local|constant spring|hi-lo|-
september_04_2021|Onion|Local|harbour view|shoppers fair|-
september_04_2021|Onion|Local|red hills road|lee's food|-
september_04_2021|Onion|Local|red hills road|price smart|-
september_04_2021|Onion|Local|portmore|mega mart|-
september_04_2021|Onion|Local|portmore|hi-lo|-
september_04_2021|Pak Choi|Local|cross roads|sampars|528
september_04_2021|Pak Choi|Local|cross roads|hi-lo|531
september_04_2021|Pak Choi|Local|waterloo road|mega mart|-
september_04_2021|Pak Choi|Local|new kingston|John R Wong|-
september_04_2021|Pak Choi|Local|halfway tree|Brooklyn|352
september_04_2021|Pak Choi|Local|halfway tree|hi-lo|531
september_04_2021|Pak Choi|Local|washington boulevard|shopper's fair|297
september_04_2021|Pak Choi|Local|Duhaney Park|shopper's fair|396
september_04_2021|Pak Choi|Local|barbican road|Loshusan|662
september_04_2021|Pak Choi|Local|barbican road|hi-lo|531
september_04_2021|Pak Choi|Local|constant spring|hi-lo|531
september_04_2021|Pak Choi|Local|harbour view|shoppers fair|-
september_04_2021|Pak Choi|Local|red hills road|lee's food|330
september_04_2021|Pak Choi|Local|red hills road|price smart|349
september_04_2021|Pak Choi|Local|portmore|mega mart|769
september_04_2021|Pak Choi|Local|portmore|hi-lo|531
september_04_2021|Papaya|Local|cross roads|sampars|-
september_04_2021|Papaya|Local|cross roads|hi-lo|-
september_04_2021|Papaya|Local|waterloo road|mega mart|-
september_04_2021|Papaya|Local|new kingston|John R Wong|-
september_04_2021|Papaya|Local|halfway tree|Brooklyn|-
september_04_2021|Papaya|Local|halfway tree|hi-lo|-
september_04_2021|Papaya|Local|washington boulevard|shopper's fair|231
september_04_2021|Papaya|Local|Duhaney Park|shopper's fair|-
september_04_2021|Papaya|Local|barbican road|Loshusan|-
september_04_2021|Papaya|Local|barbican road|hi-lo|341
september_04_2021|Papaya|Local|constant spring|hi-lo|299
september_04_2021|Papaya|Local|harbour view|shoppers fair|-
september_04_2021|Papaya|Local|red hills road|lee's food|234.56
september_04_2021|Papaya|Local|red hills road|price smart|-
september_04_2021|Papaya|Local|portmore|mega mart|-
september_04_2021|Papaya|Local|portmore|hi-lo|341
september_04_2021|Pepper|Scotch Bonnet|cross roads|sampars|3195.8
september_04_2021|Pepper|Scotch Bonnet|cross roads|hi-lo|-
september_04_2021|Pepper|Scotch Bonnet|waterloo road|mega mart|-
september_04_2021|Pepper|Scotch Bonnet|new kingston|John R Wong|-
september_04_2021|Pepper|Scotch Bonnet|halfway tree|Brooklyn|1193.43
september_04_2021|Pepper|Scotch Bonnet|halfway tree|hi-lo|-
september_04_2021|Pepper|Scotch Bonnet|washington boulevard|shopper's fair|-
september_04_2021|Pepper|Scotch Bonnet|Duhaney Park|shopper's fair|-
september_04_2021|Pepper|Scotch Bonnet|barbican road|Loshusan|-
september_04_2021|Pepper|Scotch Bonnet|barbican road|hi-lo|-
september_04_2021|Pepper|Scotch Bonnet|constant spring|hi-lo|-
september_04_2021|Pepper|Scotch Bonnet|harbour view|shoppers fair|-
september_04_2021|Pepper|Scotch Bonnet|red hills road|lee's food|616
september_04_2021|Pepper|Scotch Bonnet|red hills road|price smart|638
september_04_2021|Pepper|Scotch Bonnet|portmore|mega mart|-
september_04_2021|Pepper|Scotch Bonnet|portmore|hi-lo|-
september_04_2021|Pepper|West Indian Red|cross roads|sampars|-
september_04_2021|Pepper|West Indian Red|cross roads|hi-lo|-
september_04_2021|Pepper|West Indian Red|waterloo road|mega mart|-
september_04_2021|Pepper|West Indian Red|new kingston|John R Wong|-
september_04_2021|Pepper|West Indian Red|halfway tree|Brooklyn|-
september_04_2021|Pepper|West Indian Red|halfway tree|hi-lo|-
september_04_2021|Pepper|West Indian Red|washington boulevard|shopper's fair|825
september_04_2021|Pepper|West Indian Red|Duhaney Park|shopper's fair|-
september_04_2021|Pepper|West Indian Red|barbican road|Loshusan|-
september_04_2021|Pepper|West Indian Red|barbican road|hi-lo|-
september_04_2021|Pepper|West Indian Red|constant spring|hi-lo|-
september_04_2021|Pepper|West Indian Red|harbour view|shoppers fair|-
september_04_2021|Pepper|West Indian Red|red hills road|lee's food|-
september_04_2021|Pepper|West Indian Red|red hills road|price smart|-
september_04_2021|Pepper|West Indian Red|portmore|mega mart|-
september_04_2021|Pepper|West Indian Red|portmore|hi-lo|-
september_04_2021|Pineapple|Cow Boy|cross roads|sampars|-
september_04_2021|Pineapple|Cow Boy|cross roads|hi-lo|-
september_04_2021|Pineapple|Cow Boy|waterloo road|mega mart|-
september_04_2021|Pineapple|Cow Boy|new kingston|John R Wong|562.25
september_04_2021|Pineapple|Cow Boy|halfway tree|Brooklyn|-
september_04_2021|Pineapple|Cow Boy|halfway tree|hi-lo|-
september_04_2021|Pineapple|Cow Boy|washington boulevard|shopper's fair|435
september_04_2021|Pineapple|Cow Boy|Duhaney Park|shopper's fair|362.98
september_04_2021|Pineapple|Cow Boy|barbican road|Loshusan|563
september_04_2021|Pineapple|Cow Boy|barbican road|hi-lo|530
september_04_2021|Pineapple|Cow Boy|constant spring|hi-lo|685
september_04_2021|Pineapple|Cow Boy|harbour view|shoppers fair|-
september_04_2021|Pineapple|Cow Boy|red hills road|lee's food|339
september_04_2021|Pineapple|Cow Boy|red hills road|price smart|329
september_04_2021|Pineapple|Cow Boy|portmore|mega mart|-
september_04_2021|Pineapple|Cow Boy|portmore|hi-lo|-
september_04_2021|Pineapple|MD 2|cross roads|sampars|-
september_04_2021|Pineapple|MD 2|cross roads|hi-lo|-
september_04_2021|Pineapple|MD 2|waterloo road|mega mart|-
september_04_2021|Pineapple|MD 2|new kingston|John R Wong|-
september_04_2021|Pineapple|MD 2|halfway tree|Brooklyn|-
september_04_2021|Pineapple|MD 2|halfway tree|hi-lo|-
september_04_2021|Pineapple|MD 2|washington boulevard|shopper's fair|-
september_04_2021|Pineapple|MD 2|Duhaney Park|shopper's fair|-
september_04_2021|Pineapple|MD 2|barbican road|Loshusan|-
september_04_2021|Pineapple|MD 2|barbican road|hi-lo|-
september_04_2021|Pineapple|MD 2|constant spring|hi-lo|-
september_04_2021|Pineapple|MD 2|harbour view|shoppers fair|-
september_04_2021|Pineapple|MD 2|red hills road|lee's food|-
september_04_2021|Pineapple|MD 2|red hills road|price smart|-
september_04_2021|Pineapple|MD 2|portmore|mega mart|440
september_04_2021|Pineapple|MD 2|portmore|hi-lo|-
september_04_2021|Pineapple|Sugar Loaf|cross roads|sampars|-
september_04_2021|Pineapple|Sugar Loaf|cross roads|hi-lo|-
september_04_2021|Pineapple|Sugar Loaf|waterloo road|mega mart|440
september_04_2021|Pineapple|Sugar Loaf|new kingston|John R Wong|562.25
september_04_2021|Pineapple|Sugar Loaf|halfway tree|Brooklyn|449.5
september_04_2021|Pineapple|Sugar Loaf|halfway tree|hi-lo|534
september_04_2021|Pineapple|Sugar Loaf|washington boulevard|shopper's fair|-
september_04_2021|Pineapple|Sugar Loaf|Duhaney Park|shopper's fair|-
september_04_2021|Pineapple|Sugar Loaf|barbican road|Loshusan|563
september_04_2021|Pineapple|Sugar Loaf|barbican road|hi-lo|530
september_04_2021|Pineapple|Sugar Loaf|constant spring|hi-lo|-
september_04_2021|Pineapple|Sugar Loaf|harbour view|shoppers fair|-
september_04_2021|Pineapple|Sugar Loaf|red hills road|lee's food|-
september_04_2021|Pineapple|Sugar Loaf|red hills road|price smart|-
september_04_2021|Pineapple|Sugar Loaf|portmore|mega mart|-
september_04_2021|Pineapple|Sugar Loaf|portmore|hi-lo|-
september_04_2021|Plantain|Green|cross roads|sampars|-
september_04_2021|Plantain|Green|cross roads|hi-lo|-
september_04_2021|Plantain|Green|waterloo road|mega mart|-
september_04_2021|Plantain|Green|new kingston|John R Wong|330
september_04_2021|Plantain|Green|halfway tree|Brooklyn|409.2
september_04_2021|Plantain|Green|halfway tree|hi-lo|458
september_04_2021|Plantain|Green|washington boulevard|shopper's fair|330
september_04_2021|Plantain|Green|Duhaney Park|shopper's fair|-
september_04_2021|Plantain|Green|barbican road|Loshusan|279
september_04_2021|Plantain|Green|barbican road|hi-lo|458
september_04_2021|Plantain|Green|constant spring|hi-lo|458
september_04_2021|Plantain|Green|harbour view|shoppers fair|-
september_04_2021|Plantain|Green|red hills road|lee's food|370.37
september_04_2021|Plantain|Green|red hills road|price smart|219.5
september_04_2021|Plantain|Green|portmore|mega mart|-
september_04_2021|Plantain|Green|portmore|hi-lo|-
september_04_2021|Plantain|Ripe|cross roads|sampars|348
september_04_2021|Plantain|Ripe|cross roads|hi-lo|458
september_04_2021|Plantain|Ripe|waterloo road|mega mart|-
september_04_2021|Plantain|Ripe|new kingston|John R Wong|-
september_04_2021|Plantain|Ripe|halfway tree|Brooklyn|-
september_04_2021|Plantain|Ripe|halfway tree|hi-lo|-
september_04_2021|Plantain|Ripe|washington boulevard|shopper's fair|330
september_04_2021|Plantain|Ripe|Duhaney Park|shopper's fair|-
september_04_2021|Plantain|Ripe|barbican road|Loshusan|279
september_04_2021|Plantain|Ripe|barbican road|hi-lo|458
september_04_2021|Plantain|Ripe|constant spring|hi-lo|458
september_04_2021|Plantain|Ripe|harbour view|shoppers fair|329.98
september_04_2021|Plantain|Ripe|red hills road|lee's food|370.37
september_04_2021|Plantain|Ripe|red hills road|price smart|219.5
september_04_2021|Plantain|Ripe|portmore|mega mart|350
september_04_2021|Plantain|Ripe|portmore|hi-lo|-
september_04_2021|Pumpkin|Local|cross roads|sampars|322.99
september_04_2021|Pumpkin|Local|cross roads|hi-lo|379
september_04_2021|Pumpkin|Local|waterloo road|mega mart|295
september_04_2021|Pumpkin|Local|new kingston|John R Wong|265
september_04_2021|Pumpkin|Local|halfway tree|Brooklyn|238.89
september_04_2021|Pumpkin|Local|halfway tree|hi-lo|379
september_04_2021|Pumpkin|Local|washington boulevard|shopper's fair|231
september_04_2021|Pumpkin|Local|Duhaney Park|shopper's fair|231
september_04_2021|Pumpkin|Local|barbican road|Loshusan|365
september_04_2021|Pumpkin|Local|barbican road|hi-lo|379
september_04_2021|Pumpkin|Local|constant spring|hi-lo|379
september_04_2021|Pumpkin|Local|harbour view|shoppers fair|-
september_04_2021|Pumpkin|Local|red hills road|lee's food|211.64
september_04_2021|Pumpkin|Local|red hills road|price smart|269
september_04_2021|Pumpkin|Local|portmore|mega mart|295
september_04_2021|Pumpkin|Local|portmore|hi-lo|379
september_04_2021|Sorrel|Local|cross roads|sampars|1117.95
september_04_2021|Sorrel|Local|cross roads|hi-lo|752
september_04_2021|Sorrel|Local|waterloo road|mega mart|990
september_04_2021|Sorrel|Local|new kingston|John R Wong|-
september_04_2021|Sorrel|Local|halfway tree|Brooklyn|681.96
september_04_2021|Sorrel|Local|halfway tree|hi-lo|-
september_04_2021|Sorrel|Local|washington boulevard|shopper's fair|-
september_04_2021|Sorrel|Local|Duhaney Park|shopper's fair|-
september_04_2021|Sorrel|Local|barbican road|Loshusan|900
september_04_2021|Sorrel|Local|barbican road|hi-lo|753
september_04_2021|Sorrel|Local|constant spring|hi-lo|1138
september_04_2021|Sorrel|Local|harbour view|shoppers fair|-
september_04_2021|Sorrel|Local|red hills road|lee's food|826.72
september_04_2021|Sorrel|Local|red hills road|price smart|-
september_04_2021|Sorrel|Local|portmore|mega mart|990
september_04_2021|Sorrel|Local|portmore|hi-lo|-
september_04_2021|String Bean|Local|cross roads|sampars|957
september_04_2021|String Bean|Local|cross roads|hi-lo|1129
september_04_2021|String Bean|Local|waterloo road|mega mart|1005
september_04_2021|String Bean|Local|new kingston|John R Wong|825
september_04_2021|String Bean|Local|halfway tree|Brooklyn|681.96
september_04_2021|String Bean|Local|halfway tree|hi-lo|1129
september_04_2021|String Bean|Local|washington boulevard|shopper's fair|660
september_04_2021|String Bean|Local|Duhaney Park|shopper's fair|660
september_04_2021|String Bean|Local|barbican road|Loshusan|1520
september_04_2021|String Bean|Local|barbican road|hi-lo|1129
september_04_2021|String Bean|Local|constant spring|hi-lo|1552
september_04_2021|String Bean|Local|harbour view|shoppers fair|990
september_04_2021|String Bean|Local|red hills road|lee's food|925.93
september_04_2021|String Bean|Local|red hills road|price smart|549
september_04_2021|String Bean|Local|portmore|mega mart|1005
september_04_2021|String Bean|Local|portmore|hi-lo|1129
september_04_2021|Sweet Pepper (Green)|Green House (Local)|cross roads|sampars|-
september_04_2021|Sweet Pepper (Green)|Green House (Local)|cross roads|hi-lo|-
september_04_2021|Sweet Pepper (Green)|Green House (Local)|waterloo road|mega mart|-
september_04_2021|Sweet Pepper (Green)|Green House (Local)|new kingston|John R Wong|-
september_04_2021|Sweet Pepper (Green)|Green House (Local)|halfway tree|Brooklyn|-
september_04_2021|Sweet Pepper (Green)|Green House (Local)|halfway tree|hi-lo|-
september_04_2021|Sweet Pepper (Green)|Green House (Local)|washington boulevard|shopper's fair|-
september_04_2021|Sweet Pepper (Green)|Green House (Local)|Duhaney Park|shopper's fair|-
september_04_2021|Sweet Pepper (Green)|Green House (Local)|barbican road|Loshusan|-
september_04_2021|Sweet Pepper (Green)|Green House (Local)|barbican road|hi-lo|-
september_04_2021|Sweet Pepper (Green)|Green House (Local)|constant spring|hi-lo|-
september_04_2021|Sweet Pepper (Green)|Green House (Local)|harbour view|shoppers fair|-
september_04_2021|Sweet Pepper (Green)|Green House (Local)|red hills road|lee's food|-
september_04_2021|Sweet Pepper (Green)|Green House (Local)|red hills road|price smart|-
september_04_2021|Sweet Pepper (Green)|Green House (Local)|portmore|mega mart|-
september_04_2021|Sweet Pepper (Green)|Green House (Local)|portmore|hi-lo|-
september_04_2021|Sweet Pepper (Green)|Imported|cross roads|sampars|-
september_04_2021|Sweet Pepper (Green)|Imported|cross roads|hi-lo|-
september_04_2021|Sweet Pepper (Green)|Imported|waterloo road|mega mart|1875
september_04_2021|Sweet Pepper (Green)|Imported|new kingston|John R Wong|989
september_04_2021|Sweet Pepper (Green)|Imported|halfway tree|Brooklyn|-
september_04_2021|Sweet Pepper (Green)|Imported|halfway tree|hi-lo|-
september_04_2021|Sweet Pepper (Green)|Imported|washington boulevard|shopper's fair|-
september_04_2021|Sweet Pepper (Green)|Imported|Duhaney Park|shopper's fair|-
september_04_2021|Sweet Pepper (Green)|Imported|barbican road|Loshusan|-
september_04_2021|Sweet Pepper (Green)|Imported|barbican road|hi-lo|-
september_04_2021|Sweet Pepper (Green)|Imported|constant spring|hi-lo|-
september_04_2021|Sweet Pepper (Green)|Imported|harbour view|shoppers fair|-
september_04_2021|Sweet Pepper (Green)|Imported|red hills road|lee's food|-
september_04_2021|Sweet Pepper (Green)|Imported|red hills road|price smart|-
september_04_2021|Sweet Pepper (Green)|Imported|portmore|mega mart|-
september_04_2021|Sweet Pepper (Green)|Imported|portmore|hi-lo|1638
september_04_2021|Sweet Pepper (Green)|Local|cross roads|sampars|957
september_04_2021|Sweet Pepper (Green)|Local|cross roads|hi-lo|1129
september_04_2021|Sweet Pepper (Green)|Local|waterloo road|mega mart|1600
september_04_2021|Sweet Pepper (Green)|Local|new kingston|John R Wong|-
september_04_2021|Sweet Pepper (Green)|Local|halfway tree|Brooklyn|1534.41
september_04_2021|Sweet Pepper (Green)|Local|halfway tree|hi-lo|-
september_04_2021|Sweet Pepper (Green)|Local|washington boulevard|shopper's fair|825
september_04_2021|Sweet Pepper (Green)|Local|Duhaney Park|shopper's fair|1799.9
september_04_2021|Sweet Pepper (Green)|Local|barbican road|Loshusan|1800
september_04_2021|Sweet Pepper (Green)|Local|barbican road|hi-lo|1129
september_04_2021|Sweet Pepper (Green)|Local|constant spring|hi-lo|1129
september_04_2021|Sweet Pepper (Green)|Local|harbour view|shoppers fair|1434.9
september_04_2021|Sweet Pepper (Green)|Local|red hills road|lee's food|708
september_04_2021|Sweet Pepper (Green)|Local|red hills road|price smart|1379
september_04_2021|Sweet Pepper (Green)|Local|portmore|mega mart|1600
september_04_2021|Sweet Pepper (Green)|Local|portmore|hi-lo|-
september_04_2021|Sweet Pepper (Red)|Green House (Local)|cross roads|sampars|-
september_04_2021|Sweet Pepper (Red)|Green House (Local)|cross roads|hi-lo|-
september_04_2021|Sweet Pepper (Red)|Green House (Local)|waterloo road|mega mart|-
september_04_2021|Sweet Pepper (Red)|Green House (Local)|new kingston|John R Wong|-
september_04_2021|Sweet Pepper (Red)|Green House (Local)|halfway tree|Brooklyn|-
september_04_2021|Sweet Pepper (Red)|Green House (Local)|halfway tree|hi-lo|-
september_04_2021|Sweet Pepper (Red)|Green House (Local)|washington boulevard|shopper's fair|-
september_04_2021|Sweet Pepper (Red)|Green House (Local)|Duhaney Park|shopper's fair|-
september_04_2021|Sweet Pepper (Red)|Green House (Local)|barbican road|Loshusan|-
september_04_2021|Sweet Pepper (Red)|Green House (Local)|barbican road|hi-lo|-
september_04_2021|Sweet Pepper (Red)|Green House (Local)|constant spring|hi-lo|-
september_04_2021|Sweet Pepper (Red)|Green House (Local)|harbour view|shoppers fair|-
september_04_2021|Sweet Pepper (Red)|Green House (Local)|red hills road|lee's food|-
september_04_2021|Sweet Pepper (Red)|Green House (Local)|red hills road|price smart|-
september_04_2021|Sweet Pepper (Red)|Green House (Local)|portmore|mega mart|-
september_04_2021|Sweet Pepper (Red)|Green House (Local)|portmore|hi-lo|-
september_04_2021|Sweet Pepper (Red)|Imported|cross roads|sampars|-
september_04_2021|Sweet Pepper (Red)|Imported|cross roads|hi-lo|-
september_04_2021|Sweet Pepper (Red)|Imported|waterloo road|mega mart|-
september_04_2021|Sweet Pepper (Red)|Imported|new kingston|John R Wong|-
september_04_2021|Sweet Pepper (Red)|Imported|halfway tree|Brooklyn|-
september_04_2021|Sweet Pepper (Red)|Imported|halfway tree|hi-lo|-
september_04_2021|Sweet Pepper (Red)|Imported|washington boulevard|shopper's fair|-
september_04_2021|Sweet Pepper (Red)|Imported|Duhaney Park|shopper's fair|-
september_04_2021|Sweet Pepper (Red)|Imported|barbican road|Loshusan|-
september_04_2021|Sweet Pepper (Red)|Imported|barbican road|hi-lo|1654
september_04_2021|Sweet Pepper (Red)|Imported|constant spring|hi-lo|-
september_04_2021|Sweet Pepper (Red)|Imported|harbour view|shoppers fair|2812.4
september_04_2021|Sweet Pepper (Red)|Imported|red hills road|lee's food|-
september_04_2021|Sweet Pepper (Red)|Imported|red hills road|price smart|-
september_04_2021|Sweet Pepper (Red)|Imported|portmore|mega mart|-
september_04_2021|Sweet Pepper (Red)|Imported|portmore|hi-lo|-
september_04_2021|Sweet Pepper (Red)|Local|cross roads|sampars|-
september_04_2021|Sweet Pepper (Red)|Local|cross roads|hi-lo|-
september_04_2021|Sweet Pepper (Red)|Local|waterloo road|mega mart|-
september_04_2021|Sweet Pepper (Red)|Local|new kingston|John R Wong|-
september_04_2021|Sweet Pepper (Red)|Local|halfway tree|Brooklyn|-
september_04_2021|Sweet Pepper (Red)|Local|halfway tree|hi-lo|-
september_04_2021|Sweet Pepper (Red)|Local|washington boulevard|shopper's fair|-
september_04_2021|Sweet Pepper (Red)|Local|Duhaney Park|shopper's fair|-
september_04_2021|Sweet Pepper (Red)|Local|barbican road|Loshusan|-
september_04_2021|Sweet Pepper (Red)|Local|barbican road|hi-lo|-
september_04_2021|Sweet Pepper (Red)|Local|constant spring|hi-lo|-
september_04_2021|Sweet Pepper (Red)|Local|harbour view|shoppers fair|-
september_04_2021|Sweet Pepper (Red)|Local|red hills road|lee's food|1078
september_04_2021|Sweet Pepper (Red)|Local|red hills road|price smart|1449
september_04_2021|Sweet Pepper (Red)|Local|portmore|mega mart|-
september_04_2021|Sweet Pepper (Red)|Local|portmore|hi-lo|-
september_04_2021|Sweet Pepper (Yellow)|Green House (Local)|cross roads|sampars|-
september_04_2021|Sweet Pepper (Yellow)|Green House (Local)|cross roads|hi-lo|-
september_04_2021|Sweet Pepper (Yellow)|Green House (Local)|waterloo road|mega mart|-
september_04_2021|Sweet Pepper (Yellow)|Green House (Local)|new kingston|John R Wong|-
september_04_2021|Sweet Pepper (Yellow)|Green House (Local)|halfway tree|Brooklyn|-
september_04_2021|Sweet Pepper (Yellow)|Green House (Local)|halfway tree|hi-lo|-
september_04_2021|Sweet Pepper (Yellow)|Green House (Local)|washington boulevard|shopper's fair|-
september_04_2021|Sweet Pepper (Yellow)|Green House (Local)|Duhaney Park|shopper's fair|-
september_04_2021|Sweet Pepper (Yellow)|Green House (Local)|barbican road|Loshusan|-
september_04_2021|Sweet Pepper (Yellow)|Green House (Local)|barbican road|hi-lo|-
september_04_2021|Sweet Pepper (Yellow)|Green House (Local)|constant spring|hi-lo|-
september_04_2021|Sweet Pepper (Yellow)|Green House (Local)|harbour view|shoppers fair|-
september_04_2021|Sweet Pepper (Yellow)|Green House (Local)|red hills road|lee's food|-
september_04_2021|Sweet Pepper (Yellow)|Green House (Local)|red hills road|price smart|-
september_04_2021|Sweet Pepper (Yellow)|Green House (Local)|portmore|mega mart|-
september_04_2021|Sweet Pepper (Yellow)|Green House (Local)|portmore|hi-lo|-
september_04_2021|Sweet Pepper (Yellow)|Imported|cross roads|sampars|-
september_04_2021|Sweet Pepper (Yellow)|Imported|cross roads|hi-lo|-
september_04_2021|Sweet Pepper (Yellow)|Imported|waterloo road|mega mart|-
september_04_2021|Sweet Pepper (Yellow)|Imported|new kingston|John R Wong|-
september_04_2021|Sweet Pepper (Yellow)|Imported|halfway tree|Brooklyn|2054.09
september_04_2021|Sweet Pepper (Yellow)|Imported|halfway tree|hi-lo|-
september_04_2021|Sweet Pepper (Yellow)|Imported|washington boulevard|shopper's fair|-
september_04_2021|Sweet Pepper (Yellow)|Imported|Duhaney Park|shopper's fair|-
september_04_2021|Sweet Pepper (Yellow)|Imported|barbican road|Loshusan|-
september_04_2021|Sweet Pepper (Yellow)|Imported|barbican road|hi-lo|1654
september_04_2021|Sweet Pepper (Yellow)|Imported|constant spring|hi-lo|-
september_04_2021|Sweet Pepper (Yellow)|Imported|harbour view|shoppers fair|2109.3
september_04_2021|Sweet Pepper (Yellow)|Imported|red hills road|lee's food|-
september_04_2021|Sweet Pepper (Yellow)|Imported|red hills road|price smart|-
september_04_2021|Sweet Pepper (Yellow)|Imported|portmore|mega mart|-
september_04_2021|Sweet Pepper (Yellow)|Imported|portmore|hi-lo|-
september_04_2021|Sweet Pepper (Yellow)|Local|cross roads|sampars|-
september_04_2021|Sweet Pepper (Yellow)|Local|cross roads|hi-lo|-
september_04_2021|Sweet Pepper (Yellow)|Local|waterloo road|mega mart|-
september_04_2021|Sweet Pepper (Yellow)|Local|new kingston|John R Wong|-
september_04_2021|Sweet Pepper (Yellow)|Local|halfway tree|Brooklyn|-
september_04_2021|Sweet Pepper (Yellow)|Local|halfway tree|hi-lo|-
september_04_2021|Sweet Pepper (Yellow)|Local|washington boulevard|shopper's fair|-
september_04_2021|Sweet Pepper (Yellow)|Local|Duhaney Park|shopper's fair|-
september_04_2021|Sweet Pepper (Yellow)|Local|barbican road|Loshusan|-
september_04_2021|Sweet Pepper (Yellow)|Local|barbican road|hi-lo|-
september_04_2021|Sweet Pepper (Yellow)|Local|constant spring|hi-lo|-
september_04_2021|Sweet Pepper (Yellow)|Local|harbour view|shoppers fair|-
september_04_2021|Sweet Pepper (Yellow)|Local|red hills road|lee's food|1078
september_04_2021|Sweet Pepper (Yellow)|Local|red hills road|price smart|1449
september_04_2021|Sweet Pepper (Yellow)|Local|portmore|mega mart|1530
september_04_2021|Sweet Pepper (Yellow)|Local|portmore|hi-lo|-
september_04_2021|Sweet Potato|Local|cross roads|sampars|512
september_04_2021|Sweet Potato|Local|cross roads|hi-lo|690
september_04_2021|Sweet Potato|Local|waterloo road|mega mart|380
september_04_2021|Sweet Potato|Local|new kingston|John R Wong|381
september_04_2021|Sweet Potato|Local|halfway tree|Brooklyn|340.98
september_04_2021|Sweet Potato|Local|halfway tree|hi-lo|690
september_04_2021|Sweet Potato|Local|washington boulevard|shopper's fair|428.98
september_04_2021|Sweet Potato|Local|Duhaney Park|shopper's fair|494.98
september_04_2021|Sweet Potato|Local|barbican road|Loshusan|385
september_04_2021|Sweet Potato|Local|barbican road|hi-lo|569
september_04_2021|Sweet Potato|Local|constant spring|hi-lo|569
september_04_2021|Sweet Potato|Local|harbour view|shoppers fair|-
september_04_2021|Sweet Potato|Local|red hills road|lee's food|401.23
september_04_2021|Sweet Potato|Local|red hills road|price smart|379
september_04_2021|Sweet Potato|Local|portmore|mega mart|380
september_04_2021|Sweet Potato|Local|portmore|hi-lo|569
september_04_2021|Thyme|Local|cross roads|sampars|1885
september_04_2021|Thyme|Local|cross roads|hi-lo|1724
september_04_2021|Thyme|Local|waterloo road|mega mart|-
september_04_2021|Thyme|Local|new kingston|John R Wong|1724
september_04_2021|Thyme|Local|halfway tree|Brooklyn|1704.9
september_04_2021|Thyme|Local|halfway tree|hi-lo|1724
september_04_2021|Thyme|Local|washington boulevard|shopper's fair|1650
september_04_2021|Thyme|Local|Duhaney Park|shopper's fair|1649.9
september_04_2021|Thyme|Local|barbican road|Loshusan|1725
september_04_2021|Thyme|Local|barbican road|hi-lo|1724
september_04_2021|Thyme|Local|constant spring|hi-lo|1724
september_04_2021|Thyme|Local|harbour view|shoppers fair|1649.9
september_04_2021|Thyme|Local|red hills road|lee's food|1650
september_04_2021|Thyme|Local|red hills road|price smart|-
september_04_2021|Thyme|Local|portmore|mega mart|-
september_04_2021|Thyme|Local|portmore|hi-lo|1724
september_04_2021|Tomatoes(Plummy)|Imported|cross roads|sampars|-
september_04_2021|Tomatoes(Plummy)|Imported|cross roads|hi-lo|-
september_04_2021|Tomatoes(Plummy)|Imported|waterloo road|mega mart|1345
september_04_2021|Tomatoes(Plummy)|Imported|new kingston|John R Wong|-
september_04_2021|Tomatoes(Plummy)|Imported|halfway tree|Brooklyn|-
september_04_2021|Tomatoes(Plummy)|Imported|halfway tree|hi-lo|1202
september_04_2021|Tomatoes(Plummy)|Imported|washington boulevard|shopper's fair|-
september_04_2021|Tomatoes(Plummy)|Imported|Duhaney Park|shopper's fair|-
september_04_2021|Tomatoes(Plummy)|Imported|barbican road|Loshusan|1736
september_04_2021|Tomatoes(Plummy)|Imported|barbican road|hi-lo|-
september_04_2021|Tomatoes(Plummy)|Imported|constant spring|hi-lo|-
september_04_2021|Tomatoes(Plummy)|Imported|harbour view|shoppers fair|-
september_04_2021|Tomatoes(Plummy)|Imported|red hills road|lee's food|-
september_04_2021|Tomatoes(Plummy)|Imported|red hills road|price smart|-
september_04_2021|Tomatoes(Plummy)|Imported|portmore|mega mart|1345
september_04_2021|Tomatoes(Plummy)|Imported|portmore|hi-lo|-
september_04_2021|Tomatoes(Plummy)|Local|cross roads|sampars|1073
september_04_2021|Tomatoes(Plummy)|Local|cross roads|hi-lo|752
september_04_2021|Tomatoes(Plummy)|Local|waterloo road|mega mart|965
september_04_2021|Tomatoes(Plummy)|Local|new kingston|John R Wong|330
september_04_2021|Tomatoes(Plummy)|Local|halfway tree|Brooklyn|852.45
september_04_2021|Tomatoes(Plummy)|Local|halfway tree|hi-lo|752
september_04_2021|Tomatoes(Plummy)|Local|washington boulevard|shopper's fair|396
september_04_2021|Tomatoes(Plummy)|Local|Duhaney Park|shopper's fair|1484.9
september_04_2021|Tomatoes(Plummy)|Local|barbican road|Loshusan|-
september_04_2021|Tomatoes(Plummy)|Local|barbican road|hi-lo|752
september_04_2021|Tomatoes(Plummy)|Local|constant spring|hi-lo|1552
september_04_2021|Tomatoes(Plummy)|Local|harbour view|shoppers fair|990
september_04_2021|Tomatoes(Plummy)|Local|red hills road|lee's food|400.4
september_04_2021|Tomatoes(Plummy)|Local|red hills road|price smart|719
september_04_2021|Tomatoes(Plummy)|Local|portmore|mega mart|-
september_04_2021|Tomatoes(Plummy)|Local|portmore|hi-lo|1552
september_04_2021|Tomatoes(Salad)|Local|cross roads|sampars|1435.5
september_04_2021|Tomatoes(Salad)|Local|cross roads|hi-lo|-
september_04_2021|Tomatoes(Salad)|Local|waterloo road|mega mart|-
september_04_2021|Tomatoes(Salad)|Local|new kingston|John R Wong|-
september_04_2021|Tomatoes(Salad)|Local|halfway tree|Brooklyn|-
september_04_2021|Tomatoes(Salad)|Local|halfway tree|hi-lo|821
september_04_2021|Tomatoes(Salad)|Local|washington boulevard|shopper's fair|1650
september_04_2021|Tomatoes(Salad)|Local|Duhaney Park|shopper's fair|1154.9
september_04_2021|Tomatoes(Salad)|Local|barbican road|Loshusan|-
september_04_2021|Tomatoes(Salad)|Local|barbican road|hi-lo|821
september_04_2021|Tomatoes(Salad)|Local|constant spring|hi-lo|1580
september_04_2021|Tomatoes(Salad)|Local|harbour view|shoppers fair|-
september_04_2021|Tomatoes(Salad)|Local|red hills road|lee's food|770
september_04_2021|Tomatoes(Salad)|Local|red hills road|price smart|969
september_04_2021|Tomatoes(Salad)|Local|portmore|mega mart|-
september_04_2021|Tomatoes(Salad)|Local|portmore|hi-lo|821
september_04_2021|Watermelon|Local|cross roads|sampars|606
september_04_2021|Watermelon|Local|cross roads|hi-lo|-
september_04_2021|Watermelon|Local|waterloo road|mega mart|-
september_04_2021|Watermelon|Local|new kingston|John R Wong|-
september_04_2021|Watermelon|Local|halfway tree|Brooklyn|409.18
september_04_2021|Watermelon|Local|halfway tree|hi-lo|752
september_04_2021|Watermelon|Local|washington boulevard|shopper's fair|660
september_04_2021|Watermelon|Local|Duhaney Park|shopper's fair|-
september_04_2021|Watermelon|Local|barbican road|Loshusan|744
september_04_2021|Watermelon|Local|barbican road|hi-lo|-
september_04_2021|Watermelon|Local|constant spring|hi-lo|-
september_04_2021|Watermelon|Local|harbour view|shoppers fair|-
september_04_2021|Watermelon|Local|red hills road|lee's food|660
september_04_2021|Watermelon|Local|red hills road|price smart|319
september_04_2021|Watermelon|Local|portmore|mega mart|675
september_04_2021|Watermelon|Local|portmore|hi-lo|752
september_04_2021|Yam|Negro|cross roads|sampars|-
september_04_2021|Yam|Negro|cross roads|hi-lo|350
september_04_2021|Yam|Negro|waterloo road|mega mart|-
september_04_2021|Yam|Negro|new kingston|John R Wong|-
september_04_2021|Yam|Negro|halfway tree|Brooklyn|-
september_04_2021|Yam|Negro|halfway tree|hi-lo|667
september_04_2021|Yam|Negro|washington boulevard|shopper's fair|330
september_04_2021|Yam|Negro|Duhaney Park|shopper's fair|-
september_04_2021|Yam|Negro|barbican road|Loshusan|-
september_04_2021|Yam|Negro|barbican road|hi-lo|948
september_04_2021|Yam|Negro|constant spring|hi-lo|-
september_04_2021|Yam|Negro|harbour view|shoppers fair|329
september_04_2021|Yam|Negro|red hills road|lee's food|-
september_04_2021|Yam|Negro|red hills road|price smart|-
september_04_2021|Yam|Negro|portmore|mega mart|-
september_04_2021|Yam|Negro|portmore|hi-lo|-
september_04_2021|Yam|Sweet|cross roads|sampars|-
september_04_2021|Yam|Sweet|cross roads|hi-lo|-
september_04_2021|Yam|Sweet|waterloo road|mega mart|836
september_04_2021|Yam|Sweet|new kingston|John R Wong|-
september_04_2021|Yam|Sweet|halfway tree|Brooklyn|-
september_04_2021|Yam|Sweet|halfway tree|hi-lo|1138
september_04_2021|Yam|Sweet|washington boulevard|shopper's fair|-
september_04_2021|Yam|Sweet|Duhaney Park|shopper's fair|-
september_04_2021|Yam|Sweet|barbican road|Loshusan|-
september_04_2021|Yam|Sweet|barbican road|hi-lo|-
september_04_2021|Yam|Sweet|constant spring|hi-lo|-
september_04_2021|Yam|Sweet|harbour view|shoppers fair|-
september_04_2021|Yam|Sweet|red hills road|lee's food|-
september_04_2021|Yam|Sweet|red hills road|price smart|-
september_04_2021|Yam|Sweet|portmore|mega mart|836
september_04_2021|Yam|Sweet|portmore|hi-lo|-
september_04_2021|Yam|White (Lucea)|cross roads|sampars|-
september_04_2021|Yam|White (Lucea)|cross roads|hi-lo|-
september_04_2021|Yam|White (Lucea)|waterloo road|mega mart|-
september_04_2021|Yam|White (Lucea)|new kingston|John R Wong|462
september_04_2021|Yam|White (Lucea)|halfway tree|Brooklyn|-
september_04_2021|Yam|White (Lucea)|halfway tree|hi-lo|489
september_04_2021|Yam|White (Lucea)|washington boulevard|shopper's fair|-
september_04_2021|Yam|White (Lucea)|Duhaney Park|shopper's fair|-
september_04_2021|Yam|White (Lucea)|barbican road|Loshusan|-
september_04_2021|Yam|White (Lucea)|barbican road|hi-lo|-
september_04_2021|Yam|White (Lucea)|constant spring|hi-lo|-
september_04_2021|Yam|White (Lucea)|harbour view|shoppers fair|-
september_04_2021|Yam|White (Lucea)|red hills road|lee's food|-
september_04_2021|Yam|White (Lucea)|red hills road|price smart|-
september_04_2021|Yam|White (Lucea)|portmore|mega mart|875
september_04_2021|Yam|White (Lucea)|portmore|hi-lo|-
september_04_2021|Yam|Yellow|cross roads|sampars|-
september_04_2021|Yam|Yellow|cross roads|hi-lo|647
september_04_2021|Yam|Yellow|waterloo road|mega mart|345
september_04_2021|Yam|Yellow|new kingston|John R Wong|363
september_04_2021|Yam|Yellow|halfway tree|Brooklyn|272.78
september_04_2021|Yam|Yellow|halfway tree|hi-lo|489
september_04_2021|Yam|Yellow|washington boulevard|shopper's fair|330
september_04_2021|Yam|Yellow|Duhaney Park|shopper's fair|329.98
september_04_2021|Yam|Yellow|barbican road|Loshusan|593.97
september_04_2021|Yam|Yellow|barbican road|hi-lo|489
september_04_2021|Yam|Yellow|constant spring|hi-lo|425
september_04_2021|Yam|Yellow|harbour view|shoppers fair|-
september_04_2021|Yam|Yellow|red hills road|lee's food|297.62
september_04_2021|Yam|Yellow|red hills road|price smart|629
september_04_2021|Yam|Yellow|portmore|mega mart|450
september_04_2021|Yam|Yellow|portmore|hi-lo|489
september_04_2021|||cross roads|sampars|
september_04_2021|||cross roads|hi-lo|
september_04_2021|||waterloo road|mega mart|
september_04_2021|||new kingston|John R Wong|
september_04_2021|||halfway tree|Brooklyn|
september_04_2021|||halfway tree|hi-lo|
september_04_2021|||washington boulevard|shopper's fair|
september_04_2021|||Duhaney Park|shopper's fair|
september_04_2021|||barbican road|Loshusan|
september_04_2021|||barbican road|hi-lo|
september_04_2021|||constant spring|hi-lo|
september_04_2021|||harbour view|shoppers fair|
september_04_2021|||red hills road|lee's food|
september_04_2021|||red hills road|price smart|
september_04_2021|||portmore|mega mart|
september_04_2021|||portmore|hi-lo|
